SPCD,COMMON_NAME,GENUS,SPECIES,SPECIES_SYMBOL,SCI_SPEICES,TYPE
10,FIR SPP.,ABIES,SPP.,ABIES,ABIES SPP.,EVERGREEN
11,PACIFIC SILVER FIR,ABIES,AMABILIS,ABAM,ABIES AMABILIS,EVERGREEN
12,BALSAM FIR,ABIES,BALSAMEA,ABBA,ABIES BALSAMEA,EVERGREEN
14,SANTA LUCIA OR BRISTLECONE FIR,ABIES,BRACTEATA,ABBR,ABIES BRACTEATA,EVERGREEN
15,WHITE FIR,ABIES,CONCOLOR,ABCO,ABIES CONCOLOR,EVERGREEN
16,FRASER FIR,ABIES,FRASERI,ABFR,ABIES FRASERI,EVERGREEN
17,GRAND FIR,ABIES,GRANDIS,ABGR,ABIES GRANDIS,EVERGREEN
18,CORKBARK FIR,ABIES,LASIOCARPA,ABLAA,ABIES LASIOCARPA,EVERGREEN
19,SUBALPINE FIR,ABIES,LASIOCARPA,ABLA,ABIES LASIOCARPA,EVERGREEN
20,CALIFORNIA RED FIR,ABIES,MAGNIFICA,ABMA,ABIES MAGNIFICA,EVERGREEN
21,SHASTA RED FIR,ABIES,SHASTENSIS,ABSH,ABIES SHASTENSIS,EVERGREEN
22,NOBLE FIR,ABIES,PROCERA,ABPR,ABIES PROCERA,EVERGREEN
40,WHITE-CEDAR SPP.,CHAMAECYPARIS,SPP.,CHAMA4,CHAMAECYPARIS SPP.,EVERGREEN
41,PORT-ORFORD-CEDAR,CHAMAECYPARIS,LAWSONIANA,CHLA,CHAMAECYPARIS LAWSONIANA,EVERGREEN
42,ALASKA YELLOW-CEDAR,CHAMAECYPARIS,NOOTKATENSIS,CHNO,CHAMAECYPARIS NOOTKATENSIS,EVERGREEN
43,ATLANTIC WHITE-CEDAR,CHAMAECYPARIS,THYOIDES,CHTH2,CHAMAECYPARIS THYOIDES,EVERGREEN
50,CYPRESS,CUPRESSUS,SPP.,CUPRE,CUPRESSUS SPP.,EVERGREEN
51,ARIZONA CYPRESS,CUPRESSUS,ARIZONICA,CUAR,CUPRESSUS ARIZONICA,EVERGREEN
52,BAKER OR MODOC CYPRESS,CUPRESSUS,BAKERI,CUBA,CUPRESSUS BAKERI,EVERGREEN
53,TECATE CYPRESS,CUPRESSUS,FORBESII,CUFO2,CUPRESSUS FORBESII,EVERGREEN
54,MONTEREY CYPRESS,CUPRESSUS,MACROCARPA,CUMA2,CUPRESSUS MACROCARPA,EVERGREEN
55,SARGENT'S CYPRESS,CUPRESSUS,SARGENTII,CUSA3,CUPRESSUS SARGENTII,EVERGREEN
56,MACNAB'S CYPRESS,CUPRESSUS,MACNABIANA,CUMA,CUPRESSUS MACNABIANA,EVERGREEN
57,REDCEDAR/JUNIPER SPP.,JUNIPERUS,SPP.,JUNIP,JUNIPERUS SPP.,EVERGREEN
58,PINCHOT JUNIPER,JUNIPERUS,PINCHOTII,JUPI,JUNIPERUS PINCHOTII,EVERGREEN
59,REDBERRY JUNIPER,JUNIPERUS,COAHUILENSIS,JUCO11,JUNIPERUS COAHUILENSIS,EVERGREEN
60,DROOPING JUNIPER,JUNIPERUS,FLACCIDA,JUFL,JUNIPERUS FLACCIDA,EVERGREEN
61,ASHE JUNIPER,JUNIPERUS,ASHEI,JUAS,JUNIPERUS ASHEI,EVERGREEN
62,CALIFORNIA JUNIPER,JUNIPERUS,CALIFORNICA,JUCA7,JUNIPERUS CALIFORNICA,EVERGREEN
63,ALLIGATOR JUNIPER,JUNIPERUS,DEPPEANA,JUDE2,JUNIPERUS DEPPEANA,EVERGREEN
64,WESTERN JUNIPER,JUNIPERUS,OCCIDENTALIS,JUOC,JUNIPERUS OCCIDENTALIS,EVERGREEN
65,UTAH JUNIPER,JUNIPERUS,OSTEOSPERMA,JUOS,JUNIPERUS OSTEOSPERMA,EVERGREEN
66,ROCKY MOUNTAIN JUNIPER,JUNIPERUS,SCOPULORUM,JUSC2,JUNIPERUS SCOPULORUM,EVERGREEN
67,SOUTHERN REDCEDAR,JUNIPERUS,VIRGINIANA,JUVIS,JUNIPERUS VIRGINIANA,EVERGREEN
68,EASTERN REDCEDAR,JUNIPERUS,VIRGINIANA,JUVI,JUNIPERUS VIRGINIANA,EVERGREEN
69,ONESEED JUNIPER,JUNIPERUS,MONOSPERMA,JUMO,JUNIPERUS MONOSPERMA,EVERGREEN
70,LARCH SPP.,LARIX,SPP.,LARIX,LARIX SPP.,EVERGREEN
71,TAMARACK,LARIX,LARICINA,LALA,LARIX LARICINA,EVERGREEN
72,SUBALPINE LARCH,LARIX,LYALLII,LALY,LARIX LYALLII,EVERGREEN
73,WESTERN LARCH,LARIX,OCCIDENTALIS,LAOC,LARIX OCCIDENTALIS,EVERGREEN
74,JAPANESE LARCH,LARIX,KAEMPFERI,LAKA2,LARIX KAEMPFERI,EVERGREEN
75,SIBERIAN LARCH,LARIX,SIBIRICA,LASI3,LARIX SIBIRICA,EVERGREEN
81,INCENSE-CEDAR,CALOCEDRUS,DECURRENS,CADE27,CALOCEDRUS DECURRENS,EVERGREEN
90,SPRUCE SPP.,PICEA,SPP.,PICEA,PICEA SPP.,EVERGREEN
91,NORWAY SPRUCE,PICEA,ABIES,PIAB,PICEA ABIES,EVERGREEN
92,BREWER SPRUCE,PICEA,BREWERIANA,PIBR,PICEA BREWERIANA,EVERGREEN
93,ENGELMANN SPRUCE,PICEA,ENGELMANNII,PIEN,PICEA ENGELMANNII,EVERGREEN
94,WHITE SPRUCE,PICEA,GLAUCA,PIGL,PICEA GLAUCA,EVERGREEN
95,BLACK SPRUCE,PICEA,MARIANA,PIMA,PICEA MARIANA,EVERGREEN
96,BLUE SPRUCE,PICEA,PUNGENS,PIPU,PICEA PUNGENS,EVERGREEN
97,RED SPRUCE,PICEA,RUBENS,PIRU,PICEA RUBENS,EVERGREEN
98,SITKA SPRUCE,PICEA,SITCHENSIS,PISI,PICEA SITCHENSIS,EVERGREEN
100,PINE SPP.,PINUS,SPP.,PINUS,PINUS SPP.,EVERGREEN
101,WHITEBARK PINE,PINUS,ALBICAULIS,PIAL,PINUS ALBICAULIS,EVERGREEN
102,ROCKY MOUNTAIN BRISTLECONE PINE,PINUS,ARISTATA,PIAR,PINUS ARISTATA,EVERGREEN
103,KNOBCONE PINE,PINUS,ATTENUATA,PIAT,PINUS ATTENUATA,EVERGREEN
104,FOXTAIL PINE,PINUS,BALFOURIANA,PIBA,PINUS BALFOURIANA,EVERGREEN
105,JACK PINE,PINUS,BANKSIANA,PIBA2,PINUS BANKSIANA,EVERGREEN
106,COMMON OR TWO-NEEDLE PINYON,PINUS,EDULIS,PIED,PINUS EDULIS,EVERGREEN
107,SAND PINE,PINUS,CLAUSA,PICL,PINUS CLAUSA,EVERGREEN
108,LODGEPOLE PINE,PINUS,CONTORTA,PICO,PINUS CONTORTA,EVERGREEN
109,COULTER PINE,PINUS,COULTERI,PICO3,PINUS COULTERI,EVERGREEN
110,SHORTLEAF PINE,PINUS,ECHINATA,PIEC2,PINUS ECHINATA,EVERGREEN
111,SLASH PINE,PINUS,ELLIOTTII,PIEL,PINUS ELLIOTTII,EVERGREEN
112,APACHE PINE,PINUS,ENGELMANNII,PIEN2,PINUS ENGELMANNII,EVERGREEN
113,LIMBER PINE,PINUS,FLEXILIS,PIFL2,PINUS FLEXILIS,EVERGREEN
114,SOUTHWESTERN WHITE PINE ,PINUS,STROBIFORMIS,PIST3,PINUS STROBIFORMIS,EVERGREEN
115,SPRUCE PINE,PINUS,GLABRA,PIGL2,PINUS GLABRA,EVERGREEN
116,JEFFREY PINE,PINUS,JEFFREYI,PIJE,PINUS JEFFREYI,EVERGREEN
117,SUGAR PINE,PINUS,LAMBERTIANA,PILA,PINUS LAMBERTIANA,EVERGREEN
118,CHIHUAHUAN PINE,PINUS,LEIOPHYLLA,PILE,PINUS LEIOPHYLLA,EVERGREEN
119,WESTERN WHITE PINE,PINUS,MONTICOLA,PIMO3,PINUS MONTICOLA,EVERGREEN
120,BISHOP PINE,PINUS,MURICATA,PIMU,PINUS MURICATA,EVERGREEN
121,LONGLEAF PINE,PINUS,PALUSTRIS,PIPA2,PINUS PALUSTRIS,EVERGREEN
122,PONDEROSA PINE,PINUS,PONDEROSA,PIPO,PINUS PONDEROSA,EVERGREEN
123,TABLE MOUNTAIN PINE,PINUS,PUNGENS,PIPU5,PINUS PUNGENS,EVERGREEN
124,MONTEREY PINE,PINUS,RADIATA,PIRA2,PINUS RADIATA,EVERGREEN
125,RED PINE,PINUS,RESINOSA,PIRE,PINUS RESINOSA,EVERGREEN
126,PITCH PINE,PINUS,RIGIDA,PIRI,PINUS RIGIDA,EVERGREEN
127,GRAY OR CALIFORNIA FOOTHILL PINE,PINUS,SABINIANA,PISA2,PINUS SABINIANA,EVERGREEN
128,POND PINE,PINUS,SEROTINA,PISE,PINUS SEROTINA,EVERGREEN
129,EASTERN WHITE PINE,PINUS,STROBUS,PIST,PINUS STROBUS,EVERGREEN
130,SCOTCH PINE,PINUS,SYLVESTRIS,PISY,PINUS SYLVESTRIS,EVERGREEN
131,LOBLOLLY PINE,PINUS,TAEDA,PITA,PINUS TAEDA,EVERGREEN
132,VIRGINIA PINE,PINUS,VIRGINIANA,PIVI2,PINUS VIRGINIANA,EVERGREEN
133,SINGLELEAF PINYON,PINUS,MONOPHYLLA,PIMO,PINUS MONOPHYLLA,EVERGREEN
134,BORDER PINYON,PINUS,DISCOLOR,PIDI3,PINUS DISCOLOR,EVERGREEN
135,ARIZONA PINE,PINUS,ARIZONICA,PIAR5,PINUS ARIZONICA,EVERGREEN
136,AUSTRIAN PINE,PINUS,NIGRA,PINI,PINUS NIGRA,EVERGREEN
137,WASHOE PINE,PINUS,WASHOENSIS,PIWA,PINUS WASHOENSIS,EVERGREEN
138,FOUR-LEAF OR PARRY PINYON PINE,PINUS,QUADRIFOLIA,PIQU,PINUS QUADRIFOLIA,EVERGREEN
139,TORREY PINE,PINUS,TORREYANA,PITO,PINUS TORREYANA,EVERGREEN
140,MEXICAN PINYON PINE,PINUS,CEMBROIDES,PICE,PINUS CEMBROIDES,EVERGREEN
141,PAPERSHELL PINYON PINE,PINUS,REMOTA,PIRE5,PINUS REMOTA,EVERGREEN
142,GREAT BASIN BRISTLECONE PINE,PINUS,LONGAEVA,PILO,PINUS LONGAEVA,EVERGREEN
143,ARIZONA PINYON PINE,PINUS,MONOPHYLLA,PIMOF,PINUS MONOPHYLLA,EVERGREEN
144,HONDURAS PINE,PINUS,ELLIOTTII,PIELE2,PINUS ELLIOTTII,EVERGREEN
200,DOUGLAS-FIR SPP.,PSEUDOTSUGA,SPP.,PSEUD7,PSEUDOTSUGA SPP.,EVERGREEN
201,BIGCONE DOUGLAS-FIR,PSEUDOTSUGA,MACROCARPA,PSMA,PSEUDOTSUGA MACROCARPA,EVERGREEN
202,DOUGLAS-FIR,PSEUDOTSUGA,MENZIESII,PSME,PSEUDOTSUGA MENZIESII,EVERGREEN
211,REDWOOD,SEQUOIA,SEMPERVIRENS,SESE3,SEQUOIA SEMPERVIRENS,EVERGREEN
212,GIANT SEQUOIA,SEQUOIADENDRON,GIGANTEUM,SEGI2,SEQUOIADENDRON GIGANTEUM,EVERGREEN
220,BALDCYPRESS SPP.,TAXODIUM,SPP.,TAXOD,TAXODIUM SPP.,EVERGREEN
221,BALDCYPRESS,TAXODIUM,DISTICHUM,TADI2,TAXODIUM DISTICHUM,EVERGREEN
222,PONDCYPRESS,TAXODIUM,ASCENDENS,TAAS,TAXODIUM ASCENDENS,EVERGREEN
223,MONTEZUMA BALDCYPRESS,TAXODIUM,MUCRONATUM,TAMU,TAXODIUM MUCRONATUM,EVERGREEN
230,YEW SPP.,TAXUS,SPP.,TAXUS,TAXUS SPP.,EVERGREEN
231,PACIFIC YEW,TAXUS,BREVIFOLIA,TABR2,TAXUS BREVIFOLIA,EVERGREEN
232,FLORIDA YEW,TAXUS,FLORIDANA,TAFL,TAXUS FLORIDANA,EVERGREEN
240,THUJA SPP.,THUJA,SPP.,THUJA,THUJA SPP.,EVERGREEN
241,NORTHERN WHITE-CEDAR,THUJA,OCCIDENTALIS,THOC2,THUJA OCCIDENTALIS,EVERGREEN
242,WESTERN REDCEDAR,THUJA,PLICATA,THPL,THUJA PLICATA,EVERGREEN
250,TORREYA (NUTMEG) SPP.,TORREYA,SPP.,TORRE,TORREYA SPP.,EVERGREEN
251,CALIFORNIA TORREYA (NUTMEG),TORREYA,CALIFORNICA,TOCA,TORREYA CALIFORNICA,EVERGREEN
252,FLORIDA TORREYA (NUTMEG),TORREYA,TAXIFOLIA,TOTA,TORREYA TAXIFOLIA,EVERGREEN
260,HEMLOCK SPP.,TSUGA,SPP.,TSUGA,TSUGA SPP.,EVERGREEN
261,EASTERN HEMLOCK,TSUGA,CANADENSIS,TSCA,TSUGA CANADENSIS,EVERGREEN
262,CAROLINA HEMLOCK,TSUGA,CAROLINIANA,TSCA2,TSUGA CAROLINIANA,EVERGREEN
263,WESTERN HEMLOCK,TSUGA,HETEROPHYLLA,TSHE,TSUGA HETEROPHYLLA,EVERGREEN
264,MOUNTAIN HEMLOCK,TSUGA,MERTENSIANA,TSME,TSUGA MERTENSIANA,EVERGREEN
299,UNKNOWN DEAD CONIFER,TREE,EVERGREEN,2TE,TREE EVERGREEN,EVERGREEN
300,ACACIA SPP.,ACACIA,SPP.,ACACI,ACACIA SPP.,EVERGREEN
303,SWEET ACACIA,ACACIA,FARNESIANA,ACFA,ACACIA FARNESIANA,DECIDUOUS
304,CATCLAW ACACIA,ACACIA,GREGGII,ACGR,ACACIA GREGGII,DECIDUOUS
310,MAPLE SPP.,ACER,SPP.,ACER,ACER SPP.,DECIDUOUS
311,FLORIDA MAPLE,ACER,BARBATUM,ACBA3,ACER BARBATUM,DECIDUOUS
312,BIGLEAF MAPLE,ACER,MACROPHYLLUM,ACMA3,ACER MACROPHYLLUM,DECIDUOUS
313,BOXELDER,ACER,NEGUNDO,ACNE2,ACER NEGUNDO,DECIDUOUS
314,BLACK MAPLE,ACER,NIGRUM,ACNI5,ACER NIGRUM,DECIDUOUS
315,STRIPED MAPLE,ACER,PENSYLVANICUM,ACPE,ACER PENSYLVANICUM,DECIDUOUS
316,RED MAPLE,ACER,RUBRUM,ACRU,ACER RUBRUM,DECIDUOUS
317,SILVER MAPLE,ACER,SACCHARINUM,ACSA2,ACER SACCHARINUM,DECIDUOUS
318,SUGAR MAPLE,ACER,SACCHARUM,ACSA3,ACER SACCHARUM,DECIDUOUS
319,MOUNTAIN MAPLE,ACER,SPICATUM,ACSP2,ACER SPICATUM,DECIDUOUS
320,NORWAY MAPLE,ACER,PLATANOIDES,ACPL,ACER PLATANOIDES,DECIDUOUS
321,ROCKY MOUNTAIN MAPLE,ACER,GLABRUM,ACGL,ACER GLABRUM,DECIDUOUS
322,BIGTOOTH MAPLE,ACER,GRANDIDENTATUM,ACGR3,ACER GRANDIDENTATUM,DECIDUOUS
323,CHALK MAPLE,ACER,LEUCODERME,ACLE,ACER LEUCODERME,DECIDUOUS
330,"BUCKEYE, HORSECHESTNUT SPP.",AESCULUS,SPP.,AESCU,AESCULUS SPP.,DECIDUOUS
331,OHIO BUCKEYE,AESCULUS,GLABRA,AEGL,AESCULUS GLABRA,DECIDUOUS
332,YELLOW BUCKEYE,AESCULUS,FLAVA,AEFL,AESCULUS FLAVA,DECIDUOUS
333,CALIFORNIA BUCKEYE,AESCULUS,CALIFORNICA,AECA,AESCULUS CALIFORNICA,DECIDUOUS
334,TEXAS BUCKEYE,AESCULUS,GLABRA,AEGLA,AESCULUS GLABRA,DECIDUOUS
336,RED BUCKEYE,AESCULUS,PAVIA,AEPA,AESCULUS PAVIA,DECIDUOUS
337,PAINTED BUCKEYE,AESCULUS,SYLVATICA,AESY,AESCULUS SYLVATICA,DECIDUOUS
341,AILANTHUS,AILANTHUS,ALTISSIMA,AIAL,AILANTHUS ALTISSIMA,DECIDUOUS
345,"MIMOSA, SILKTREE",ALBIZIA,JULIBRISSIN,ALJU,ALBIZIA JULIBRISSIN,DECIDUOUS
350,ALDER SPP.,ALNUS,SPP.,ALNUS,ALNUS SPP.,DECIDUOUS
351,RED ALDER,ALNUS,RUBRA,ALRU2,ALNUS RUBRA,DECIDUOUS
352,WHITE ALDER,ALNUS,RHOMBIFOLIA,ALRH2,ALNUS RHOMBIFOLIA,DECIDUOUS
353,ARIZONA ALDER,ALNUS,OBLONGIFOLIA,ALOB2,ALNUS OBLONGIFOLIA,DECIDUOUS
355,EUROPEAN ALDER,ALNUS,GLUTINOSA,ALGL2,ALNUS GLUTINOSA,DECIDUOUS
356,SERVICEBERRY SPP.,AMELANCHIER,SPP.,AMELA,AMELANCHIER SPP.,DECIDUOUS
357,COMMON SERVICEBERRY,AMELANCHIER,ARBOREA,AMAR3,AMELANCHIER ARBOREA,DECIDUOUS
358,ROUNDLEAF SERVICEBERRY,AMELANCHIER,SANGUINEA,AMSA,AMELANCHIER SANGUINEA,DECIDUOUS
360,MADRONE SPP.,ARBUTUS,SPP.,ARBUT,ARBUTUS SPP.,DECIDUOUS
361,PACIFIC MADRONE,ARBUTUS,MENZIESII,ARME,ARBUTUS MENZIESII,DECIDUOUS
362,ARIZONA MADRONE,ARBUTUS,ARIZONICA,ARAR2,ARBUTUS ARIZONICA,DECIDUOUS
363,TEXAS MADRONE,ARBUTUS,XALAPENSIS,ARXA80,ARBUTUS XALAPENSIS,DECIDUOUS
367,PAWPAW,ASIMINA,TRILOBA,ASTR,ASIMINA TRILOBA,DECIDUOUS
370,BIRCH SPP.,BETULA,SPP.,BETUL,BETULA SPP.,DECIDUOUS
371,YELLOW BIRCH,BETULA,ALLEGHANIENSIS,BEAL2,BETULA ALLEGHANIENSIS,DECIDUOUS
372,SWEET BIRCH,BETULA,LENTA,BELE,BETULA LENTA,DECIDUOUS
373,RIVER BIRCH,BETULA,NIGRA,BENI,BETULA NIGRA,DECIDUOUS
374,WATER BIRCH,BETULA,OCCIDENTALIS,BEOC2,BETULA OCCIDENTALIS,DECIDUOUS
375,PAPER BIRCH,BETULA,PAPYRIFERA,BEPA,BETULA PAPYRIFERA,DECIDUOUS
376,RESIN BIRCH,BETULA,NEOALASKANA,BENE4,BETULA NEOALASKANA,DECIDUOUS
377,VIRGINIA ROUNDLEAF BIRCH,BETULA,UBER,BEUB,BETULA UBER,DECIDUOUS
378,NORTHWESTERN PAPER BIRCH,BETULA,X UTAHENSIS,BEUT,BETULA X UTAHENSIS,DECIDUOUS
379,GRAY BIRCH,BETULA,POPULIFOLIA,BEPO,BETULA POPULIFOLIA,DECIDUOUS
381,"CHITTAMWOOD, GUM BUMELIA",SIDEROXYLON,LANUGINOSUM,SILAL3,SIDEROXYLON LANUGINOSUM,DECIDUOUS
391,"AMERICAN HORNBEAM, MUSCLEWOOD",CARPINUS,CAROLINIANA,CACA18,CARPINUS CAROLINIANA,DECIDUOUS
400,HICKORY SPP.,CARYA,SPP.,CARYA,CARYA SPP.,DECIDUOUS
401,WATER HICKORY,CARYA,AQUATICA,CAAQ2,CARYA AQUATICA,DECIDUOUS
402,BITTERNUT HICKORY,CARYA,CORDIFORMIS,CACO15,CARYA CORDIFORMIS,DECIDUOUS
403,PIGNUT HICKORY,CARYA,GLABRA,CAGL8,CARYA GLABRA,DECIDUOUS
404,PECAN,CARYA,ILLINOINENSIS,CAIL2,CARYA ILLINOINENSIS,DECIDUOUS
405,SHELLBARK HICKORY,CARYA,LACINIOSA,CALA21,CARYA LACINIOSA,DECIDUOUS
406,NUTMEG HICKORY,CARYA,MYRISTICIFORMIS,CAMY,CARYA MYRISTICIFORMIS,DECIDUOUS
407,SHAGBARK HICKORY,CARYA,OVATA,CAOV2,CARYA OVATA,DECIDUOUS
408,BLACK HICKORY,CARYA,TEXANA,CATE9,CARYA TEXANA,DECIDUOUS
409,MOCKERNUT HICKORY,CARYA,ALBA,CAAL27,CARYA ALBA,DECIDUOUS
410,SAND HICKORY,CARYA,PALLIDA,CAPA24,CARYA PALLIDA,DECIDUOUS
411,SCRUB HICKORY,CARYA,FLORIDANA,CAFL6,CARYA FLORIDANA,DECIDUOUS
412,RED HICKORY,CARYA,OVALIS,CAOV3,CARYA OVALIS,DECIDUOUS
413,SOUTHERN SHAGBARK HICKORY,CARYA,CAROLINAE-SEPTENTRIONALIS,CACA38,CARYA CAROLINAE-SEPTENTRIONALIS,DECIDUOUS
420,CHESTNUT SPP.,CASTANEA,SPP.,CASTA,CASTANEA SPP.,DECIDUOUS
421,AMERICAN CHESTNUT,CASTANEA,DENTATA,CADE12,CASTANEA DENTATA,DECIDUOUS
422,ALLEGHENY CHINKAPIN,CASTANEA,PUMILA,CAPU9,CASTANEA PUMILA,DECIDUOUS
423,OZARK CHINKAPIN,CASTANEA,PUMILA,CAPUO,CASTANEA PUMILA,DECIDUOUS
424,CHINESE CHESTNUT,CASTANEA,MOLLISSIMA,CAMO83,CASTANEA MOLLISSIMA,DECIDUOUS
431,"GIANT CHINKAPIN, GOLDEN CHINKAPIN",CHRYSOLEPIS,CHRYSOPHYLLA,CHCHC4,CHRYSOLEPIS CHRYSOPHYLLA,DECIDUOUS
450,CATALPA SPP.,CATALPA,SPP.,CATAL,CATALPA SPP.,DECIDUOUS
451,SOUTHERN CATALPA,CATALPA,BIGNONIOIDES,CABI8,CATALPA BIGNONIOIDES,DECIDUOUS
452,NORTHERN CATALPA,CATALPA,SPECIOSA,CASP8,CATALPA SPECIOSA,DECIDUOUS
460,HACKBERRY SPP.,CELTIS,SPP.,CELTI,CELTIS SPP.,DECIDUOUS
461,SUGARBERRY,CELTIS,LAEVIGATA,CELA,CELTIS LAEVIGATA,DECIDUOUS
462,HACKBERRY,CELTIS,OCCIDENTALIS,CEOC,CELTIS OCCIDENTALIS,DECIDUOUS
463,NETLEAF HACKBERRY,CELTIS,LAEVIGATA,CELAR,CELTIS LAEVIGATA,DECIDUOUS
471,EASTERN REDBUD,CERCIS,CANADENSIS,CECA4,CERCIS CANADENSIS,DECIDUOUS
475,CURLLEAF MOUNTAIN-MAHOGANY,CERCOCARPUS,LEDIFOLIUS,CELE3,CERCOCARPUS LEDIFOLIUS,DECIDUOUS
481,YELLOWWOOD,CLADRASTIS,KENTUKEA,CLKE,CLADRASTIS KENTUKEA,DECIDUOUS
490,DOGWOOD SPP.,CORNUS,SPP.,CORNU,CORNUS SPP.,DECIDUOUS
491,FLOWERING DOGWOOD,CORNUS,FLORIDA,COFL2,CORNUS FLORIDA,DECIDUOUS
492,PACIFIC DOGWOOD,CORNUS,NUTTALLII,CONU4,CORNUS NUTTALLII,DECIDUOUS
500,HAWTHORN SPP.,CRATAEGUS,SPP.,CRATA,CRATAEGUS SPP.,DECIDUOUS
501,COCKSPUR HAWTHORN,CRATAEGUS,CRUS-GALLI,CRCR2,CRATAEGUS CRUS-GALLI,DECIDUOUS
502,DOWNY HAWTHORN,CRATAEGUS,MOLLIS,CRMO2,CRATAEGUS MOLLIS,DECIDUOUS
503,BRAINERD'S HAWTHORN,CRATAEGUS,BRAINERDII,CRBR3,CRATAEGUS BRAINERDII,DECIDUOUS
504,PEAR HAWTHORN,CRATAEGUS,CALPODENDRON,CRCA,CRATAEGUS CALPODENDRON,DECIDUOUS
505,FIREBERRY HAWTHORN,CRATAEGUS,CHRYSOCARPA,CRCH,CRATAEGUS CHRYSOCARPA,DECIDUOUS
506,BROADLEAF HAWTHORN,CRATAEGUS,DILATATA,CRDI,CRATAEGUS DILATATA,DECIDUOUS
507,FANLEAF HAWTHORN,CRATAEGUS,FLABELLATA,CRFL,CRATAEGUS FLABELLATA,DECIDUOUS
508,ONESEED HAWTHORN,CRATAEGUS,MONOGYNA,CRMO3,CRATAEGUS MONOGYNA,DECIDUOUS
509,SCARLET HAWTHORN,CRATAEGUS,PEDICELLATA,CRPE,CRATAEGUS PEDICELLATA,DECIDUOUS
510,EUCALYPTUS SPP.,EUCALYPTUS,SPP.,EUCAL,EUCALYPTUS SPP.,DECIDUOUS
511,TASMANIAN BLUEGUM,EUCALYPTUS,GLOBULUS,EUGL,EUCALYPTUS GLOBULUS,DECIDUOUS
512,RIVER REDGUM,EUCALYPTUS,CAMALDULENSIS,EUCA2,EUCALYPTUS CAMALDULENSIS,DECIDUOUS
513,GRAND EUCALYPTUS,EUCALYPTUS,GRANDIS,EUGR12,EUCALYPTUS GRANDIS,DECIDUOUS
514,SWAMPMAHOGANY,EUCALYPTUS,ROBUSTA,EURO2,EUCALYPTUS ROBUSTA,DECIDUOUS
520,PERSIMMON SPP.,DIOSPYROS,SPP.,DIOSP,DIOSPYROS SPP.,DECIDUOUS
521,COMMON PERSIMMON,DIOSPYROS,VIRGINIANA,DIVI5,DIOSPYROS VIRGINIANA,DECIDUOUS
522,TEXAS PERSIMMON,DIOSPYROS,TEXANA,DITE3,DIOSPYROS TEXANA,DECIDUOUS
523,ANACUA KNOCKAWAY,EHRETIA,ANACUA,EHAN,EHRETIA ANACUA,DECIDUOUS
531,AMERICAN BEECH,FAGUS,GRANDIFOLIA,FAGR,FAGUS GRANDIFOLIA,DECIDUOUS
540,ASH SPP.,FRAXINUS,SPP.,FRAXI,FRAXINUS SPP.,DECIDUOUS
541,WHITE ASH,FRAXINUS,AMERICANA,FRAM2,FRAXINUS AMERICANA,DECIDUOUS
542,OREGON ASH,FRAXINUS,LATIFOLIA,FRLA,FRAXINUS LATIFOLIA,DECIDUOUS
543,BLACK ASH,FRAXINUS,NIGRA,FRNI,FRAXINUS NIGRA,DECIDUOUS
544,GREEN ASH,FRAXINUS,PENNSYLVANICA,FRPE,FRAXINUS PENNSYLVANICA,DECIDUOUS
545,PUMPKIN ASH,FRAXINUS,PROFUNDA,FRPR,FRAXINUS PROFUNDA,DECIDUOUS
546,BLUE ASH,FRAXINUS,QUADRANGULATA,FRQU,FRAXINUS QUADRANGULATA,DECIDUOUS
547,VELVET ASH,FRAXINUS,VELUTINA,FRVE2,FRAXINUS VELUTINA,DECIDUOUS
548,CAROLINA ASH,FRAXINUS,CAROLINIANA,FRCA3,FRAXINUS CAROLINIANA,DECIDUOUS
549,TEXAS ASH,FRAXINUS,TEXENSIS,FRTE,FRAXINUS TEXENSIS,DECIDUOUS
550,HONEYLOCUST SPP.,GLEDITSIA,SPP.,GLEDI,GLEDITSIA SPP.,DECIDUOUS
551,WATERLOCUST,GLEDITSIA,AQUATICA,GLAQ,GLEDITSIA AQUATICA,DECIDUOUS
552,HONEYLOCUST,GLEDITSIA,TRIACANTHOS,GLTR,GLEDITSIA TRIACANTHOS,DECIDUOUS
555,LOBLOLLY-BAY,GORDONIA,LASIANTHUS,GOLA,GORDONIA LASIANTHUS,DECIDUOUS
561,"GINKGO, MAIDENHAIR TREE",GINKGO,BILOBA,GIBI2,GINKGO BILOBA,DECIDUOUS
571,KENTUCKY COFFEETREE,GYMNOCLADUS,DIOICUS,GYDI,GYMNOCLADUS DIOICUS,DECIDUOUS
580,SILVERBELL SPP.,HALESIA,SPP.,HALES,HALESIA SPP.,DECIDUOUS
581,CAROLINA SILVERBELL,HALESIA,CAROLINA,HACA3,HALESIA CAROLINA,DECIDUOUS
582,TWO-WING SILVERBELL,HALESIA,DIPTERA,HADI3,HALESIA DIPTERA,DECIDUOUS
583,LITTLE SILVERBELL,HALESIA,PARVIFLORA,HAPA2,HALESIA PARVIFLORA,DECIDUOUS
591,AMERICAN HOLLY,ILEX,OPACA,ILOP,ILEX OPACA,DECIDUOUS
600,WALNUT SPP.,JUGLANS,SPP.,JUGLA,JUGLANS SPP.,DECIDUOUS
601,BUTTERNUT,JUGLANS,CINEREA,JUCI,JUGLANS CINEREA,DECIDUOUS
602,BLACK WALNUT,JUGLANS,NIGRA,JUNI,JUGLANS NIGRA,DECIDUOUS
603,NORTHERN CALIFORNIA BLACK WALNUT,JUGLANS,HINDSII,JUHI,JUGLANS HINDSII,DECIDUOUS
604,SOUTHERN CALIFORNIA BLACK WALNUT,JUGLANS,CALIFORNICA,JUCA,JUGLANS CALIFORNICA,DECIDUOUS
605,TEXAS WALNUT,JUGLANS,MICROCARPA,JUMI,JUGLANS MICROCARPA,DECIDUOUS
606,ARIZONA WALNUT,JUGLANS,MAJOR,JUMA,JUGLANS MAJOR,DECIDUOUS
611,SWEETGUM,LIQUIDAMBAR,STYRACIFLUA,LIST2,LIQUIDAMBAR STYRACIFLUA,DECIDUOUS
621,YELLOW-POPLAR,LIRIODENDRON,TULIPIFERA,LITU,LIRIODENDRON TULIPIFERA,DECIDUOUS
631,TANOAK,LITHOCARPUS,DENSIFLORUS,LIDE3,LITHOCARPUS DENSIFLORUS,DECIDUOUS
641,OSAGE-ORANGE,MACLURA,POMIFERA,MAPO,MACLURA POMIFERA,DECIDUOUS
650,MAGNOLIA SPP.,MAGNOLIA,SPP.,MAGNO,MAGNOLIA SPP.,DECIDUOUS
651,CUCUMBERTREE,MAGNOLIA,ACUMINATA,MAAC,MAGNOLIA ACUMINATA,DECIDUOUS
652,SOUTHERN MAGNOLIA,MAGNOLIA,GRANDIFLORA,MAGR4,MAGNOLIA GRANDIFLORA,DECIDUOUS
653,SWEETBAY,MAGNOLIA,VIRGINIANA,MAVI2,MAGNOLIA VIRGINIANA,DECIDUOUS
654,BIGLEAF MAGNOLIA,MAGNOLIA,MACROPHYLLA,MAMA2,MAGNOLIA MACROPHYLLA,DECIDUOUS
655,MOUNTAIN OR FRASER MAGNOLIA,MAGNOLIA,FRASERI,MAFR,MAGNOLIA FRASERI,DECIDUOUS
657,PYRAMID MAGNOLIA,MAGNOLIA,PYRAMIDATA,MAPY,MAGNOLIA PYRAMIDATA,DECIDUOUS
658,UMBRELLA MAGNOLIA,MAGNOLIA,TRIPETALA,MATR,MAGNOLIA TRIPETALA,DECIDUOUS
660,APPLE SPP.,MALUS,SPP.,MALUS,MALUS SPP.,DECIDUOUS
661,OREGON CRAB APPLE,MALUS,FUSCA,MAFU,MALUS FUSCA,DECIDUOUS
662,SOUTHERN CRAB APPLE,MALUS,ANGUSTIFOLIA,MAAN3,MALUS ANGUSTIFOLIA,DECIDUOUS
663,SWEET CRAB APPLE,MALUS,CORONARIA,MACO5,MALUS CORONARIA,DECIDUOUS
664,PRAIRIE CRAB APPLE,MALUS,IOENSIS,MAIO,MALUS IOENSIS,DECIDUOUS
680,MULBERRY SPP.,MORUS,SPP.,MORUS,MORUS SPP.,DECIDUOUS
681,WHITE MULBERRY,MORUS,ALBA,MOAL,MORUS ALBA,DECIDUOUS
682,RED MULBERRY,MORUS,RUBRA,MORU2,MORUS RUBRA,DECIDUOUS
683,TEXAS MULBERRY,MORUS,MICROPHYLLA,MOMI,MORUS MICROPHYLLA,DECIDUOUS
684,BLACK MULBERRY,MORUS,NIGRA,MONI,MORUS NIGRA,DECIDUOUS
690,TUPELO SPP.,NYSSA,SPP.,NYSSA,NYSSA SPP.,DECIDUOUS
691,WATER TUPELO,NYSSA,AQUATICA,NYAQ2,NYSSA AQUATICA,DECIDUOUS
692,OGEECHEE TUPELO,NYSSA,OGECHE,NYOG,NYSSA OGECHE,DECIDUOUS
693,BLACKGUM,NYSSA,SYLVATICA,NYSY,NYSSA SYLVATICA,DECIDUOUS
694,SWAMP TUPELO,NYSSA,BIFLORA,NYBI,NYSSA BIFLORA,DECIDUOUS
701,EASTERN HOPHORNBEAM,OSTRYA,VIRGINIANA,OSVI,OSTRYA VIRGINIANA,DECIDUOUS
711,SOURWOOD,OXYDENDRUM,ARBOREUM,OXAR,OXYDENDRUM ARBOREUM,DECIDUOUS
712,"PAULOWNIA, EMPRESS-TREE",PAULOWNIA,TOMENTOSA,PATO2,PAULOWNIA TOMENTOSA,DECIDUOUS
715,MAYTENUS PALAUICA,MAYTENUS,PALAUICA,MAPA28,MAYTENUS PALAUICA,DECIDUOUS
718,KESIAMEL,OSMOXYLON,TRUNCATUM,OSTR,OSMOXYLON TRUNCATUM,DECIDUOUS
720,BAY SPP.,PERSEA,SPP.,PERSE,PERSEA SPP.,DECIDUOUS
721,REDBAY,PERSEA,BORBONIA,PEBO,PERSEA BORBONIA,DECIDUOUS
722,"WATER-ELM, PLANERTREE",PLANERA,AQUATICA,PLAQ,PLANERA AQUATICA,DECIDUOUS
729,SYCAMORE SPP.,PLATANUS,SPP.,PLATA,PLATANUS SPP.,DECIDUOUS
730,CALIFORNIA SYCAMORE,PLATANUS,RACEMOSA,PLRA,PLATANUS RACEMOSA,DECIDUOUS
731,AMERICAN SYCAMORE,PLATANUS,OCCIDENTALIS,PLOC,PLATANUS OCCIDENTALIS,DECIDUOUS
732,ARIZONA SYCAMORE,PLATANUS,WRIGHTII,PLWR2,PLATANUS WRIGHTII,DECIDUOUS
740,COTTONWOOD AND POPLAR SPP.,POPULUS,SPP.,POPUL,POPULUS SPP.,DECIDUOUS
741,BALSAM POPLAR,POPULUS,BALSAMIFERA,POBA2,POPULUS BALSAMIFERA,DECIDUOUS
742,EASTERN COTTONWOOD,POPULUS,DELTOIDES,PODE3,POPULUS DELTOIDES,DECIDUOUS
743,BIGTOOTH ASPEN,POPULUS,GRANDIDENTATA,POGR4,POPULUS GRANDIDENTATA,DECIDUOUS
744,SWAMP COTTONWOOD,POPULUS,HETEROPHYLLA,POHE4,POPULUS HETEROPHYLLA,DECIDUOUS
745,PLAINS COTTONWOOD,POPULUS,DELTOIDES,PODEM,POPULUS DELTOIDES,DECIDUOUS
746,QUAKING ASPEN,POPULUS,TREMULOIDES,POTR5,POPULUS TREMULOIDES,DECIDUOUS
747,BLACK COTTONWOOD,POPULUS,BALSAMIFERA,POBAT,POPULUS BALSAMIFERA,DECIDUOUS
748,FREMONT COTTONWOOD,POPULUS,FREMONTII,POFR2,POPULUS FREMONTII,DECIDUOUS
749,NARROWLEAF COTTONWOOD,POPULUS,ANGUSTIFOLIA,POAN3,POPULUS ANGUSTIFOLIA,DECIDUOUS
752,SILVER POPLAR,POPULUS,ALBA,POAL7,POPULUS ALBA,DECIDUOUS
753,LOMBARDY POPLAR,POPULUS,NIGRA,PONI,POPULUS NIGRA,DECIDUOUS
755,MESQUITE SPP.,PROSOPIS,SPP.,PROSO,PROSOPIS SPP.,DECIDUOUS
756,HONEY MESQUITE ,PROSOPIS,GLANDULOSA,PRGL2,PROSOPIS GLANDULOSA,DECIDUOUS
757,VELVET MESQUITE,PROSOPIS,VELUTINA,PRVE,PROSOPIS VELUTINA,DECIDUOUS
758,SCREWBEAN MESQUITE,PROSOPIS,PUBESCENS,PRPU,PROSOPIS PUBESCENS,DECIDUOUS
760,CHERRY AND PLUM SPP.,PRUNUS,SPP.,PRUNU,PRUNUS SPP.,DECIDUOUS
761,PIN CHERRY,PRUNUS,PENSYLVANICA,PRPE2,PRUNUS PENSYLVANICA,DECIDUOUS
762,BLACK CHERRY,PRUNUS,SEROTINA,PRSE2,PRUNUS SEROTINA,DECIDUOUS
763,CHOKECHERRY,PRUNUS,VIRGINIANA,PRVI,PRUNUS VIRGINIANA,DECIDUOUS
764,PEACH,PRUNUS,PERSICA,PRPE3,PRUNUS PERSICA,DECIDUOUS
765,CANADA PLUM,PRUNUS,NIGRA,PRNI,PRUNUS NIGRA,DECIDUOUS
766,AMERICAN PLUM,PRUNUS,AMERICANA,PRAM,PRUNUS AMERICANA,DECIDUOUS
768,BITTER CHERRY,PRUNUS,EMARGINATA,PREM,PRUNUS EMARGINATA,DECIDUOUS
769,ALLEGHENY PLUM,PRUNUS,ALLEGHANIENSIS,PRAL5,PRUNUS ALLEGHANIENSIS,DECIDUOUS
770,CHICKASAW PLUM,PRUNUS,ANGUSTIFOLIA,PRAN3,PRUNUS ANGUSTIFOLIA,DECIDUOUS
771,SWEET CHERRY,PRUNUS,AVIUM,PRAV,PRUNUS AVIUM,DECIDUOUS
772,SOUR CHERRY,PRUNUS,CERASUS,PRCE,PRUNUS CERASUS,DECIDUOUS
773,EUROPEAN PLUM,PRUNUS,DOMESTICA,PRDO,PRUNUS DOMESTICA,DECIDUOUS
774,MAHALEB CHERRY,PRUNUS,MAHALEB,PRMA,PRUNUS MAHALEB,DECIDUOUS
800,OAK SPP.,QUERCUS,SPP.,QUERC,QUERCUS SPP.,DECIDUOUS
801,CALIFORNIA LIVE OAK,QUERCUS,AGRIFOLIA,QUAG,QUERCUS AGRIFOLIA,DECIDUOUS
802,WHITE OAK,QUERCUS,ALBA,QUAL,QUERCUS ALBA,DECIDUOUS
803,ARIZONA WHITE OAK,QUERCUS,ARIZONICA,QUAR,QUERCUS ARIZONICA,DECIDUOUS
804,SWAMP WHITE OAK,QUERCUS,BICOLOR,QUBI,QUERCUS BICOLOR,DECIDUOUS
805,CANYON LIVE OAK,QUERCUS,CHRYSOLEPIS,QUCH2,QUERCUS CHRYSOLEPIS,DECIDUOUS
806,SCARLET OAK,QUERCUS,COCCINEA,QUCO2,QUERCUS COCCINEA,DECIDUOUS
807,BLUE OAK,QUERCUS,DOUGLASII,QUDO,QUERCUS DOUGLASII,DECIDUOUS
808,DURAND OAK,QUERCUS,SINUATA,QUSIS,QUERCUS SINUATA,DECIDUOUS
809,NORTHERN PIN OAK,QUERCUS,ELLIPSOIDALIS,QUEL,QUERCUS ELLIPSOIDALIS,DECIDUOUS
810,EMORY OAK,QUERCUS,EMORYI,QUEM,QUERCUS EMORYI,DECIDUOUS
811,ENGELMANN OAK,QUERCUS,ENGELMANNII,QUEN,QUERCUS ENGELMANNII,DECIDUOUS
812,SOUTHERN RED OAK,QUERCUS,FALCATA,QUFA,QUERCUS FALCATA,DECIDUOUS
813,CHERRYBARK OAK,QUERCUS,PAGODA,QUPA5,QUERCUS PAGODA,DECIDUOUS
814,GAMBEL OAK,QUERCUS,GAMBELII,QUGA,QUERCUS GAMBELII,DECIDUOUS
815,OREGON WHITE OAK,QUERCUS,GARRYANA,QUGA4,QUERCUS GARRYANA,DECIDUOUS
816,SCRUB OAK,QUERCUS,ILICIFOLIA,QUIL,QUERCUS ILICIFOLIA,DECIDUOUS
817,SHINGLE OAK,QUERCUS,IMBRICARIA,QUIM,QUERCUS IMBRICARIA,DECIDUOUS
818,CALIFORNIA BLACK OAK,QUERCUS,KELLOGGII,QUKE,QUERCUS KELLOGGII,DECIDUOUS
819,TURKEY OAK,QUERCUS,LAEVIS,QULA2,QUERCUS LAEVIS,DECIDUOUS
820,LAUREL OAK,QUERCUS,LAURIFOLIA,QULA3,QUERCUS LAURIFOLIA,DECIDUOUS
821,CALIFORNIA WHITE OAK,QUERCUS,LOBATA,QULO,QUERCUS LOBATA,DECIDUOUS
822,OVERCUP OAK,QUERCUS,LYRATA,QULY,QUERCUS LYRATA,DECIDUOUS
823,BUR OAK,QUERCUS,MACROCARPA,QUMA2,QUERCUS MACROCARPA,DECIDUOUS
824,BLACKJACK OAK,QUERCUS,MARILANDICA,QUMA3,QUERCUS MARILANDICA,DECIDUOUS
825,SWAMP CHESTNUT OAK,QUERCUS,MICHAUXII,QUMI,QUERCUS MICHAUXII,DECIDUOUS
826,CHINKAPIN OAK,QUERCUS,MUEHLENBERGII,QUMU,QUERCUS MUEHLENBERGII,DECIDUOUS
827,WATER OAK,QUERCUS,NIGRA,QUNI,QUERCUS NIGRA,DECIDUOUS
828,TEXAS RED OAK,QUERCUS,TEXANA,QUTE,QUERCUS TEXANA,DECIDUOUS
829,MEXICAN BLUE OAK,QUERCUS,OBLONGIFOLIA,QUOB,QUERCUS OBLONGIFOLIA,DECIDUOUS
830,PIN OAK,QUERCUS,PALUSTRIS,QUPA2,QUERCUS PALUSTRIS,DECIDUOUS
831,WILLOW OAK,QUERCUS,PHELLOS,QUPH,QUERCUS PHELLOS,DECIDUOUS
832,CHESTNUT OAK,QUERCUS,PRINUS,QUPR2,QUERCUS PRINUS,DECIDUOUS
833,NORTHERN RED OAK,QUERCUS,RUBRA,QURU,QUERCUS RUBRA,DECIDUOUS
834,SHUMARD OAK,QUERCUS,SHUMARDII,QUSH,QUERCUS SHUMARDII,DECIDUOUS
835,POST OAK,QUERCUS,STELLATA,QUST,QUERCUS STELLATA,DECIDUOUS
836,DELTA POST OAK,QUERCUS,SIMILIS,QUSI2,QUERCUS SIMILIS,DECIDUOUS
837,BLACK OAK,QUERCUS,VELUTINA,QUVE,QUERCUS VELUTINA,DECIDUOUS
838,LIVE OAK,QUERCUS,VIRGINIANA,QUVI,QUERCUS VIRGINIANA,DECIDUOUS
839,INTERIOR LIVE OAK,QUERCUS,WISLIZENI,QUWI2,QUERCUS WISLIZENI,DECIDUOUS
840,DWARF POST OAK,QUERCUS,MARGARETTIAE,QUMA6,QUERCUS MARGARETTIAE,DECIDUOUS
841,DWARF LIVE OAK,QUERCUS,MINIMA,QUMI2,QUERCUS MINIMA,DECIDUOUS
842,BLUEJACK OAK,QUERCUS,INCANA,QUIN,QUERCUS INCANA,DECIDUOUS
843,SILVERLEAF OAK,QUERCUS,HYPOLEUCOIDES,QUHY,QUERCUS HYPOLEUCOIDES,DECIDUOUS
844,OGLETHORPE OAK,QUERCUS,OGLETHORPENSIS,QUOG,QUERCUS OGLETHORPENSIS,DECIDUOUS
845,DWARF CHINKAPIN OAK,QUERCUS,PRINOIDES,QUPR,QUERCUS PRINOIDES,DECIDUOUS
846,GRAY OAK,QUERCUS,GRISEA,QUGR3,QUERCUS GRISEA,DECIDUOUS
847,NETLEAF OAK,QUERCUS,RUGOSA,QURU4,QUERCUS RUGOSA,DECIDUOUS
851,CHISOS OAK,QUERCUS,GRACILIFORMIS,QUGR,QUERCUS GRACILIFORMIS,DECIDUOUS
852,SEA TORCHWOOD,AMYRIS,ELEMIFERA,AMEL,AMYRIS ELEMIFERA,DECIDUOUS
853,POND-APPLE,ANNONA,GLABRA,ANGL4,ANNONA GLABRA,DECIDUOUS
854,GUMBO LIMBO,BURSERA,SIMARUBA,BUSI,BURSERA SIMARUBA,DECIDUOUS
855,SHEOAK SPP.,CASUARINA,SPP.,CASUA,CASUARINA SPP.,DECIDUOUS
856,GRAY SHEOAK,CASUARINA,GLAUCA,CAGL11,CASUARINA GLAUCA,DECIDUOUS
857,BELAH,CASUARINA,LEPIDOPHLOIA,CALE28,CASUARINA LEPIDOPHLOIA,DECIDUOUS
858,CAMPHORTREE,CINNAMOMUM,CAMPHORA,CICA,CINNAMOMUM CAMPHORA,DECIDUOUS
859,FLORIDA FIDDLEWOOD,CITHAREXYLUM,FRUTICOSUM,CIFR,CITHAREXYLUM FRUTICOSUM,DECIDUOUS
860,CITRUS SPP.,CITRUS,SPP.,CITRU2,CITRUS SPP.,DECIDUOUS
863,"TIETONGUE, PIGEON-PLUM",COCCOLOBA,DIVERSIFOLIA,CODI8,COCCOLOBA DIVERSIFOLIA,DECIDUOUS
864,SOLDIERWOOD,COLUBRINA,ELLIPTICA,COEL2,COLUBRINA ELLIPTICA,DECIDUOUS
865,LARGELEAF GEIGERTREE,CORDIA,SEBESTENA,COSE2,CORDIA SEBESTENA,DECIDUOUS
866,CARROTWOOD,CUPANIOPSIS,ANACARDIOIDES,CUAN4,CUPANIOPSIS ANACARDIOIDES,DECIDUOUS
867,BLUEWOOD,CONDALIA,HOOKERI,COHO,CONDALIA HOOKERI,DECIDUOUS
868,BLACKBEAD EBONY,EBENOPSIS,EBANO,EBEB,EBENOPSIS EBANO,DECIDUOUS
869,GREAT LEUCAENE,LEUCAENA,PULVERULENTA,LEPU3,LEUCAENA PULVERULENTA,DECIDUOUS
870,TEXAS SOPHORA,SOPHORA,AFFINIS,SOAF,SOPHORA AFFINIS,DECIDUOUS
873,RED STOPPER,EUGENIA,RHOMBEA,EURH,EUGENIA RHOMBEA,DECIDUOUS
874,"BUTTERBOUGH, INKWOOD",EXOTHEA,PANICULATA,EXPA,EXOTHEA PANICULATA,DECIDUOUS
876,FLORIDA STRANGLER FIG,FICUS,AUREA,FIAU,FICUS AUREA,DECIDUOUS
877,"WILD BANYANTREE, SHORTLEAF FIG",FICUS,CITRIFOLIA,FICI,FICUS CITRIFOLIA,DECIDUOUS
882,"BEEFTREE, LONGLEAF BLOLLY",GUAPIRA,DISCOLOR,GUDI,GUAPIRA DISCOLOR,DECIDUOUS
883,MANCHINEEL,HIPPOMANE,MANCINELLA,HIMA2,HIPPOMANE MANCINELLA,DECIDUOUS
884,FALSE TAMARIND,LYSILOMA,LATISILIQUUM,LYLA3,LYSILOMA LATISILIQUUM,DECIDUOUS
885,MANGO,MANGIFERA,INDICA,MAIN3,MANGIFERA INDICA,DECIDUOUS
886,FLORIDA POISONTREE,METOPIUM,TOXIFERUM,METO3,METOPIUM TOXIFERUM,DECIDUOUS
887,FISHPOISON TREE,PISCIDIA,PISCIPULA,PIPI3,PISCIDIA PISCIPULA,DECIDUOUS
888,"OCTOPUS TREE, SCHEFFLERA",SCHEFFLERA,ACTINOPHYLLA,SCAC2,SCHEFFLERA ACTINOPHYLLA,DECIDUOUS
890,FALSE MASTIC,SIDEROXYLON,FOETIDISSIMUM,SIFO,SIDEROXYLON FOETIDISSIMUM,DECIDUOUS
891,"WHITE BULLY, WILLOW BUSTIC",SIDEROXYLON,SALICIFOLIUM,SISA6,SIDEROXYLON SALICIFOLIUM,DECIDUOUS
895,PARADISETREE,SIMAROUBA,GLAUCA,SIGL3,SIMAROUBA GLAUCA,DECIDUOUS
896,JAVA PLUM,SYZYGIUM,CUMINI,SYCU,SYZYGIUM CUMINI,DECIDUOUS
897,TAMARIND,TAMARINDUS,INDICA,TAIN2,TAMARINDUS INDICA,DECIDUOUS
901,BLACK LOCUST,ROBINIA,PSEUDOACACIA,ROPS,ROBINIA PSEUDOACACIA,DECIDUOUS
902,NEW MEXICO LOCUST,ROBINIA,NEOMEXICANA,RONE,ROBINIA NEOMEXICANA,DECIDUOUS
906,"EVERGLADES PALM, PAUROTIS-PALM",ACOELORRAPHE,WRIGHTII,ACWR4,ACOELORRAPHE WRIGHTII,DECIDUOUS
907,FLORIDA SILVER PALM,COCCOTHRINAX,ARGENTATA,COAR,COCCOTHRINAX ARGENTATA,DECIDUOUS
908,COCONUT PALM,COCOS,NUCIFERA,CONU,COCOS NUCIFERA,DECIDUOUS
909,ROYAL PALM SPP.,ROYSTONEA,SPP.,ROYST,ROYSTONEA SPP.,DECIDUOUS
911,MEXICAN PALMETTO,SABAL,MEXICANA,SAME8,SABAL MEXICANA,DECIDUOUS
912,CABBAGE PALMETTO,SABAL,PALMETTO,SAPA,SABAL PALMETTO,DECIDUOUS
913,KEY THATCH PALM,THRINAX,MORRISII,THMO4,THRINAX MORRISII,DECIDUOUS
914,FLORIDA THATCH PALM,THRINAX,RADIATA,THRA2,THRINAX RADIATA,DECIDUOUS
915,OTHER PALMS,FAMILY ARECACEAE,NOT LISTED ABOVE,ARECA,FAMILY ARECACEAE NOT LISTED ABOVE,DECIDUOUS
919,WESTERN SOAPBERRY,SAPINDUS,SAPONARIA,SASAD,SAPINDUS SAPONARIA,DECIDUOUS
920,WILLOW SPP.,SALIX,SPP.,SALIX,SALIX SPP.,DECIDUOUS
921,PEACHLEAF WILLOW,SALIX,AMYGDALOIDES,SAAM2,SALIX AMYGDALOIDES,DECIDUOUS
922,BLACK WILLOW,SALIX,NIGRA,SANI,SALIX NIGRA,DECIDUOUS
923,BEBB WILLOW,SALIX,BEBBIANA,SABE2,SALIX BEBBIANA,DECIDUOUS
924,BONPLAND WILLOW,SALIX,BONPLANDIANA,SABO,SALIX BONPLANDIANA,DECIDUOUS
925,COASTAL PLAIN WILLOW,SALIX,CAROLINIANA,SACA5,SALIX CAROLINIANA,DECIDUOUS
926,BALSAM WILLOW,SALIX,PYRIFOLIA,SAPY,SALIX PYRIFOLIA,DECIDUOUS
927,WHITE WILLOW,SALIX,ALBA,SAAL2,SALIX ALBA,DECIDUOUS
928,SCOULER'S WILLOW,SALIX,SCOULERIANA,SASC,SALIX SCOULERIANA,DECIDUOUS
929,WEEPING WILLOW,SALIX,X SEPULCRALIS,SASE10,SALIX X SEPULCRALIS,DECIDUOUS
931,SASSAFRAS,SASSAFRAS,ALBIDUM,SAAL5,SASSAFRAS ALBIDUM,DECIDUOUS
934,MOUNTAIN-ASH SPP.,SORBUS,SPP.,SORBU,SORBUS SPP.,DECIDUOUS
935,AMERICAN MOUNTAIN-ASH,SORBUS,AMERICANA,SOAM3,SORBUS AMERICANA,DECIDUOUS
936,EUROPEAN MOUNTAIN-ASH,SORBUS,AUCUPARIA,SOAU,SORBUS AUCUPARIA,DECIDUOUS
937,NORTHERN MOUNTAIN-ASH,SORBUS,DECORA,SODE3,SORBUS DECORA,DECIDUOUS
940,WEST INDIAN MAHOGANY,SWIETENIA,MAHAGONI,SWMA2,SWIETENIA MAHAGONI,DECIDUOUS
950,BASSWOOD SPP.,TILIA,SPP.,TILIA,TILIA SPP.,DECIDUOUS
951,AMERICAN BASSWOOD,TILIA,AMERICANA,TIAM,TILIA AMERICANA,DECIDUOUS
952,WHITE BASSWOOD,TILIA,AMERICANA,TIAMH,TILIA AMERICANA,DECIDUOUS
953,CAROLINA BASSWOOD,TILIA,AMERICANA,TIAMC,TILIA AMERICANA,DECIDUOUS
970,ELM SPP.,ULMUS,SPP.,ULMUS,ULMUS SPP.,DECIDUOUS
971,WINGED ELM,ULMUS,ALATA,ULAL,ULMUS ALATA,DECIDUOUS
972,AMERICAN ELM,ULMUS,AMERICANA,ULAM,ULMUS AMERICANA,DECIDUOUS
973,CEDAR ELM,ULMUS,CRASSIFOLIA,ULCR,ULMUS CRASSIFOLIA,DECIDUOUS
974,SIBERIAN ELM,ULMUS,PUMILA,ULPU,ULMUS PUMILA,DECIDUOUS
975,SLIPPERY ELM,ULMUS,RUBRA,ULRU,ULMUS RUBRA,DECIDUOUS
976,SEPTEMBER ELM,ULMUS,SEROTINA,ULSE,ULMUS SEROTINA,DECIDUOUS
977,ROCK ELM,ULMUS,THOMASII,ULTH,ULMUS THOMASII,DECIDUOUS
981,CALIFORNIA LAUREL,UMBELLULARIA,CALIFORNICA,UMCA,UMBELLULARIA CALIFORNICA,DECIDUOUS
982,JOSHUA TREE,YUCCA,BREVIFOLIA,YUBR,YUCCA BREVIFOLIA,DECIDUOUS
986,BLACK MANGROVE,AVICENNIA,GERMINANS,AVGE,AVICENNIA GERMINANS,DECIDUOUS
987,BUTTONWOOD-MANGROVE,CONOCARPUS,ERECTUS,COER2,CONOCARPUS ERECTUS,DECIDUOUS
988,WHITE MANGROVE,LAGUNCULARIA,RACEMOSA,LARA2,LAGUNCULARIA RACEMOSA,DECIDUOUS
989,AMERICAN MANGROVE,RHIZOPHORA,MANGLE,RHMA2,RHIZOPHORA MANGLE,DECIDUOUS
990,DESERT IRONWOOD,OLNEYA,TESOTA,OLTE,OLNEYA TESOTA,DECIDUOUS
991,SALTCEDAR,TAMARIX,SPP.,TAMAR2,TAMARIX SPP.,DECIDUOUS
992,MELALEUCA,MELALEUCA,QUINQUENERVIA,MEQU,MELALEUCA QUINQUENERVIA,DECIDUOUS
993,CHINABERRY,MELIA,AZEDARACH,MEAZ,MELIA AZEDARACH,DECIDUOUS
994,CHINESE TALLOWTREE,TRIADICA,SEBIFERA,TRSE6,TRIADICA SEBIFERA,DECIDUOUS
995,TUNGOIL TREE,VERNICIA,FORDII,VEFO,VERNICIA FORDII,DECIDUOUS
996,SMOKETREE,COTINUS,OBOVATUS,COOB2,COTINUS OBOVATUS,DECIDUOUS
997,RUSSIAN-OLIVE,ELAEAGNUS,ANGUSTIFOLIA,ELAN,ELAEAGNUS ANGUSTIFOLIA,DECIDUOUS
998,UNKNOWN DEAD HARDWOOD,TREE,BROADLEAF,2TB,TREE BROADLEAF,DECIDUOUS
999,OTHER OR UNKNOWN LIVE TREE,TREE,UNKNOWN,2TREE,TREE UNKNOWN,DECIDUOUS
